patient_id,claim_id,encounter_id,service_date,cpt_code,cpt_description,icd10,rendering_provider,facility,payer,billed_amount,allowed_amount,payer_paid,patient_responsibility,claim_status
ILD-001,CLM-80001,ENC-550188,2025-08-20,99245,"Office consult, comprehensive",J84.112,Dr. R. Krishnamurthy,UCLA Westwood,Medicare,485.0,340.0,272.0,68.0,Paid
ILD-001,CLM-80002,ENC-550201,2025-09-22,99214,"Office visit, est pt, moderate",J84.112,Dr. R. Krishnamurthy,UCLA Westwood,Medicare,250.0,175.0,140.0,35.0,Paid
ILD-002,CLM-80010,ENC-550210,2025-09-30,32608,VATS with biopsy,J84.112,Dr. M. Patel,UCLA Medical Center OR,8200.0,6150.0,5535.0,615.0,Paid
ILD-003,CLM-80020,ENC-550344,2025-09-03,99285,"ED visit, high severity",J18.9,Dr. K. Santos,UCLA Ronald Reagan ED,Medi-Cal,1850.0,925.0,925.0,0.0,Paid
ILD-003,CLM-80021,ENC-550345,2025-09-04,99223,"Initial hospital care, high",J84.89,Dr. A. Rivera,UCLA Medical Center,Medi-Cal,580.0,290.0,290.0,0.0,Paid
ILD-007,CLM-80040,ENC-551021,2025-11-20,99223,"Initial hospital care, high",J84.112,Dr. L. Huang,UCLA Medical Center,Medicare Advantage,580.0,435.0,391.5,43.5,Paid
ILD-007,CLM-80041,ENC-551021,2025-11-25,99233,"Subsequent hospital care, high",J84.112,Dr. L. Huang,UCLA Medical Center,Medicare Advantage,280.0,210.0,189.0,21.0,Paid
ILD-008,CLM-80050,ENC-550500,2025-11-02,99214,"Office visit, est pt, moderate",J84.10,Dr. R. Krishnamurthy,UCLA Westwood,Anthem HMO,250.0,187.5,150.0,37.5,Paid
ILD-009,CLM-80060,ENC-550550,2025-11-28,99284,"ED visit, high severity",S13.4XXA,Dr. K. Santos,UCLA Ronald Reagan ED,Medi-Cal,1200.0,600.0,600.0,0.0,Paid
